{
"Profiles": [
{
  "Use Non-ASCII Font" : false,
  "Tags" : [

  ],
  "Ansi 12 Color" : {
    "Red Component" : 0.098039217293262482,
    "Color Space" : "sRGB",
    "Blue Component" : 0.054901961237192154,
    "Alpha Component" : 1,
    "Green Component" : 0.88627451658248901
  },
  "Ansi 6 Color" : {
    "Red Component" : 0.08235294371843338,
    "Color Space" : "sRGB",
    "Blue Component" : 0.050980392843484879,
    "Alpha Component" : 1,
    "Green Component" : 0.81568628549575806
  },
  "Normal Font" : "MesloLGLForPowerline-Regular 15",
  "Bold Color" : {
    "Red Component" : 0.098531007766723633,
    "Color Space" : "sRGB",
    "Blue Component" : 0.057753380388021469,
    "Alpha Component" : 1,
    "Green Component" : 0.88859748840332031
  },
  "Ansi 2 Color" : {
    "Red Component" : 0.08235294371843338,
    "Color Space" : "sRGB",
    "Blue Component" : 0.050980392843484879,
    "Alpha Component" : 1,
    "Green Component" : 0.81568628549575806
  },
  "Ansi 4 Color" : {
    "Red Component" : 0.08235294371843338,
    "Color Space" : "sRGB",
    "Blue Component" : 0.050980392843484879,
    "Alpha Component" : 1,
    "Green Component" : 0.81568628549575806
  },
  "Ansi 5 Color" : {
    "Red Component" : 0.08235294371843338,
    "Color Space" : "sRGB",
    "Blue Component" : 0.050980392843484879,
    "Alpha Component" : 1,
    "Green Component" : 0.81568628549575806
  },
  "Rows" : 25,
  "Default Bookmark" : "No",
  "Cursor Guide Color" : {
    "Red Component" : 0.70213186740875244,
    "Color Space" : "sRGB",
    "Blue Component" : 1,
    "Alpha Component" : 0.25,
    "Green Component" : 0.9268307089805603
  },
  "Non-ASCII Anti Aliased" : true,
  "Use Bright Bold" : true,
  "Ansi 10 Color" : {
    "Red Component" : 0.098039217293262482,
    "Color Space" : "sRGB",
    "Blue Component" : 0.054901961237192154,
    "Alpha Component" : 1,
    "Green Component" : 0.88627451658248901
  },
  "Ambiguous Double Width" : false,
  "Jobs to Ignore" : [
    "rlogin",
    "ssh",
    "slogin",
    "telnet"
  ],
  "Ansi 15 Color" : {
    "Red Component" : 0.99607843160629272,
    "Color Space" : "sRGB",
    "Blue Component" : 0.99607843160629272,
    "Alpha Component" : 1,
    "Green Component" : 0.99607843160629272
  },
  "Foreground Color" : {
    "Red Component" : 0.085391096770763397,
    "Color Space" : "sRGB",
    "Blue Component" : 0.053784403949975967,
    "Alpha Component" : 1,
    "Green Component" : 0.69262981414794922
  },
  "Working Directory" : "\/Users\/yakir",
  "Blinking Cursor" : true,
  "Disable Window Resizing" : true,
  "Sync Title" : false,
  "Prompt Before Closing 2" : false,
  "BM Growl" : true,
  "Command" : "\/bin\/zsh",
  "Description" : "Default",
  "Mouse Reporting" : true,
  "Screen" : -1,
  "Selection Color" : {
    "Red Component" : 0.83292782306671143,
    "Color Space" : "sRGB",
    "Blue Component" : 0.75813239812850952,
    "Alpha Component" : 1,
    "Green Component" : 1
  },
  "Columns" : 80,
  "Idle Code" : 0,
  "Ansi 13 Color" : {
    "Red Component" : 0.098039217293262482,
    "Color Space" : "sRGB",
    "Blue Component" : 0.054901961237192154,
    "Alpha Component" : 1,
    "Green Component" : 0.88627451658248901
  },
  "Custom Command" : "Custom Shell",
  "ASCII Anti Aliased" : true,
  "Non Ascii Font" : "Monaco 12",
  "Vertical Spacing" : 1,
  "Use Bold Font" : true,
  "Option Key Sends" : 0,
  "Selected Text Color" : {
    "Red Component" : 0.99292969703674316,
    "Color Space" : "sRGB",
    "Blue Component" : 0.99292969703674316,
    "Alpha Component" : 1,
    "Green Component" : 0.99292969703674316
  },
  "Background Color" : {
    "Red Component" : 0.0066442275419831276,
    "Color Space" : "sRGB",
    "Blue Component" : 0.0039260699413716793,
    "Alpha Component" : 1,
    "Green Component" : 0.059308528900146484
  },
  "Character Encoding" : 4,
  "Ansi 11 Color" : {
    "Red Component" : 0.098039217293262482,
    "Color Space" : "sRGB",
    "Blue Component" : 0.054901961237192154,
    "Alpha Component" : 1,
    "Green Component" : 0.88627451658248901
  },
  "Use Italic Font" : true,
  "Unlimited Scrollback" : false,
  "Keyboard Map" : {
    "0xf700-0x260000" : {
      "Text" : "[1;6A",
      "Action" : 10
    },
    "0xf704-0x80000-0x7a" : {
      "Version" : 1,
      "Action" : 12,
      "Text" : "KzDv%<]MP)0;0~ghPn%6^8",
      "Label" : ""
    },
    "0x37-0x40000" : {
      "Text" : "0x1f",
      "Action" : 11
    },
    "0x32-0x40000" : {
      "Text" : "0x00",
      "Action" : 11
    },
    "0xf709-0x20000" : {
      "Text" : "[17;2~",
      "Action" : 10
    },
    "0xf70c-0x20000" : {
      "Text" : "[20;2~",
      "Action" : 10
    },
    "0xf729-0x20000" : {
      "Text" : "[1;2H",
      "Action" : 10
    },
    "0xf72b-0x40000" : {
      "Text" : "[1;5F",
      "Action" : 10
    },
    "0xf705-0x20000" : {
      "Text" : "[1;2Q",
      "Action" : 10
    },
    "0xf703-0x260000" : {
      "Text" : "[1;6C",
      "Action" : 10
    },
    "0xf700-0x220000" : {
      "Text" : "[1;2A",
      "Action" : 10
    },
    "0xf701-0x280000" : {
      "Text" : "0x1b 0x1b 0x5b 0x42",
      "Action" : 11
    },
    "0x38-0x40000" : {
      "Text" : "0x7f",
      "Action" : 11
    },
    "0x33-0x40000" : {
      "Text" : "0x1b",
      "Action" : 11
    },
    "0xf703-0x220000" : {
      "Text" : "[1;2C",
      "Action" : 10
    },
    "0xf701-0x240000" : {
      "Text" : "[1;5B",
      "Action" : 10
    },
    "0xf70d-0x20000" : {
      "Text" : "[21;2~",
      "Action" : 10
    },
    "0xf702-0x260000" : {
      "Text" : "[1;6D",
      "Action" : 10
    },
    "0xf729-0x40000" : {
      "Text" : "[1;5H",
      "Action" : 10
    },
    "0xf706-0x20000" : {
      "Text" : "[1;2R",
      "Action" : 10
    },
    "0x34-0x40000" : {
      "Text" : "0x1c",
      "Action" : 11
    },
    "0xf700-0x280000" : {
      "Text" : "0x1b 0x1b 0x5b 0x41",
      "Action" : 11
    },
    "0x2d-0x40000" : {
      "Text" : "0x1f",
      "Action" : 11
    },
    "0xf70e-0x20000" : {
      "Text" : "[23;2~",
      "Action" : 10
    },
    "0xf702-0x220000" : {
      "Text" : "[1;2D",
      "Action" : 10
    },
    "0xf700-0x240000" : {
      "Text" : "[1;5A",
      "Action" : 10
    },
    "0xf707-0x20000" : {
      "Text" : "[1;2S",
      "Action" : 10
    },
    "0xf70a-0x20000" : {
      "Text" : "[18;2~",
      "Action" : 10
    },
    "0x35-0x40000" : {
      "Text" : "0x1d",
      "Action" : 11
    },
    "0xf70f-0x20000" : {
      "Text" : "[24;2~",
      "Action" : 10
    },
    "0xf703-0x240000" : {
      "Text" : "[1;5C",
      "Action" : 10
    },
    "0xf701-0x260000" : {
      "Text" : "[1;6B",
      "Action" : 10
    },
    "0xf707-0x80000-0x76" : {
      "Version" : 1,
      "Action" : 12,
      "Text" : "FoU.L|\\c23blCMq&Pn%6^8",
      "Label" : ""
    },
    "0xf72b-0x20000" : {
      "Text" : "[1;2F",
      "Action" : 10
    },
    "0x36-0x40000" : {
      "Text" : "0x1e",
      "Action" : 11
    },
    "0xf708-0x20000" : {
      "Text" : "[15;2~",
      "Action" : 10
    },
    "0xf705-0x80000-0x78" : {
      "Version" : 1,
      "Action" : 12,
      "Text" : "&>%;u{QA_^7nc=iLPn%6^8",
      "Label" : ""
    },
    "0xf701-0x220000" : {
      "Text" : "[1;2B",
      "Action" : 10
    },
    "0xf70b-0x20000" : {
      "Text" : "[19;2~",
      "Action" : 10
    },
    "0xf706-0x80000-0x63" : {
      "Version" : 1,
      "Action" : 12,
      "Text" : "8_xvdNZ<oHiN%<K3Pn%6^8",
      "Label" : ""
    },
    "0xf702-0x240000" : {
      "Text" : "[1;5D",
      "Action" : 10
    },
    "0xf704-0x20000" : {
      "Text" : "[1;2P",
      "Action" : 10
    }
  },
  "Window Type" : 0,
  "Blink Allowed" : false,
  "Background Image Location" : "",
  "Blur" : false,
  "Badge Color" : {
    "Red Component" : 0.076954841613769531,
    "Color Space" : "sRGB",
    "Blue Component" : 0,
    "Alpha Component" : 0.5,
    "Green Component" : 1
  },
  "Scrollback Lines" : 1000,
  "Send Code When Idle" : false,